timestamp,pitch_offset,roll_offset,rbfnn_lr,cost,verdict
2026-04-13 17:19:12.928723,-0.01791,-0.01754,0.00967,8.39,FLEW
2026-04-13 17:20:34.521289,-0.13510,0.00864,0.01958,658.62,NEAR_FLIP
2026-04-13 17:22:12.712347,0.04448,0.06211,0.01249,554.92,STUCK
2026-04-13 17:23:35.025676,-0.02896,-0.07623,0.00555,660.03,NEAR_FLIP
2026-04-13 17:25:13.719634,0.00362,-0.00049,0.00937,555.56,STUCK
2026-04-13 17:26:52.089878,-0.04029,-0.03781,0.00999,557.12,STUCK
2026-04-13 17:28:17.853595,0.06081,-0.00896,0.01371,460.10,NEAR_FLIP
2026-04-13 17:29:50.001891,-0.03506,-0.02502,0.01916,457.28,NEAR_FLIP
2026-04-13 17:31:20.300739,-0.04552,-0.01166,0.01055,657.93,NEAR_FLIP
2026-04-13 17:32:40.973244,0.09895,-0.04401,0.01824,659.34,NEAR_FLIP
2026-04-13 17:34:17.612316,0.03138,0.03922,0.00776,656.19,NEAR_FLIP
2026-04-13 17:35:41.851682,-0.09674,0.05599,0.02158,665.16,NEAR_FLIP
2026-04-13 17:37:08.000632,0.05261,0.07607,0.01116,656.63,NEAR_FLIP
2026-04-13 17:38:31.683847,-0.11104,0.07062,0.01660,655.52,NEAR_FLIP
2026-04-13 17:40:02.188736,0.03599,0.05026,0.02114,457.75,NEAR_FLIP
2026-04-13 17:41:24.873028,0.07362,-0.00103,0.01837,659.86,NEAR_FLIP
2026-04-13 17:42:45.029705,0.06590,-0.04488,0.00755,659.25,NEAR_FLIP
2026-04-13 17:44:00.940445,0.08011,-0.07626,0.01707,463.87,NEAR_FLIP
2026-04-13 17:45:22.333200,0.03236,-0.02231,0.01408,462.44,NEAR_FLIP
2026-04-13 17:46:42.047885,-0.00273,-0.00504,0.01132,462.82,NEAR_FLIP
2026-04-13 17:48:02.232369,-0.05126,-0.03041,0.00850,659.52,NEAR_FLIP
2026-04-13 17:49:19.951214,-0.05190,0.01222,0.00777,451.30,NEAR_FLIP
2026-04-13 17:50:39.668019,-0.00799,0.01013,0.00893,465.41,NEAR_FLIP
2026-04-13 17:51:56.111289,-0.10677,-0.01759,0.01627,664.05,NEAR_FLIP
2026-04-13 17:53:12.300144,-0.09694,0.01003,0.01686,664.60,NEAR_FLIP
2026-04-13 17:54:32.382001,0.05265,-0.05977,0.01205,655.38,NEAR_FLIP
2026-04-13 17:55:50.506902,0.01765,-0.04141,0.02481,463.25,NEAR_FLIP
2026-04-13 17:57:10.355306,-0.01203,-0.01071,0.00887,462.58,NEAR_FLIP
2026-04-13 17:58:27.693086,0.02492,-0.00341,0.01071,451.07,NEAR_FLIP
2026-04-13 17:59:43.905467,0.08403,0.07994,0.01183,464.08,NEAR_FLIP
2026-04-13 18:01:03.757524,0.00065,-0.04019,0.01026,660.57,NEAR_FLIP
2026-04-13 18:02:41.499232,-0.02866,-0.03453,0.01387,412.14,NEAR_FLIP
2026-04-13 18:04:19.359315,-0.04058,-0.03644,0.01032,564.76,STUCK
2026-04-13 18:05:38.928278,0.01301,-0.01676,0.00809,423.38,NEAR_FLIP
2026-04-13 18:06:56.595102,-0.05309,0.00119,0.00726,663.95,NEAR_FLIP
2026-04-13 18:08:12.285988,-0.06144,-0.03064,0.00684,664.30,NEAR_FLIP
2026-04-13 18:09:32.439630,-0.01492,-0.00804,0.00913,421.60,NEAR_FLIP
2026-04-13 18:10:50.301341,-0.07482,0.06247,0.01522,664.31,NEAR_FLIP
2026-04-13 18:12:15.695658,-0.05242,-0.00939,0.00930,412.83,NEAR_FLIP
2026-04-13 18:13:33.545042,0.00516,-0.01163,0.00817,461.29,NEAR_FLIP
2026-04-13 18:14:51.703930,-0.01980,0.02747,0.01165,660.76,NEAR_FLIP
2026-04-13 18:16:09.558422,-0.02709,-0.05680,0.01989,451.53,NEAR_FLIP
2026-04-13 18:17:27.201188,-0.12348,0.05902,0.01141,651.46,NEAR_FLIP
2026-04-13 18:19:05.454301,0.04828,-0.02684,0.01918,251.88,LOW_ALT
2026-04-13 18:20:22.808306,-0.01290,-0.02791,0.00864,464.01,NEAR_FLIP
2026-04-13 18:21:39.642129,-0.01366,-0.03300,0.01031,664.24,NEAR_FLIP
2026-04-13 18:22:57.325354,-0.11120,-0.00410,0.00518,657.87,NEAR_FLIP
2026-04-13 18:24:11.447795,-0.13624,-0.01348,0.00425,663.55,NEAR_FLIP
2026-04-13 18:25:49.584491,-0.04567,0.06084,0.01208,551.89,STUCK
2026-04-13 18:27:12.520886,-0.01465,-0.05436,0.00879,418.70,NEAR_FLIP
2026-04-13 18:28:36.120770,0.00739,0.05622,0.00396,656.62,NEAR_FLIP
2026-04-13 18:29:55.153179,-0.03279,-0.01833,0.01818,664.04,NEAR_FLIP
2026-04-13 18:31:13.343999,-0.05746,-0.01463,0.02077,664.16,NEAR_FLIP
2026-04-13 18:32:31.095230,-0.07532,-0.05200,0.02472,663.78,NEAR_FLIP
2026-04-13 18:33:49.286052,-0.09845,0.01109,0.01086,450.96,NEAR_FLIP
2026-04-13 18:35:05.463670,-0.01400,-0.01267,0.00877,664.05,NEAR_FLIP
2026-04-13 18:36:43.343451,0.09216,-0.00811,0.00533,252.42,LOW_ALT
2026-04-13 18:38:03.502610,0.03487,-0.03436,0.01584,659.59,NEAR_FLIP
2026-04-13 18:39:22.162216,-0.03035,-0.04987,0.00829,664.46,NEAR_FLIP
2026-04-13 18:40:42.275836,-0.12522,-0.05986,0.02499,651.15,NEAR_FLIP
2026-04-13 18:41:59.626216,-0.00402,-0.05371,0.01934,448.74,NEAR_FLIP
2026-04-13 18:43:17.508061,-0.03068,-0.03104,0.01103,664.12,NEAR_FLIP
2026-04-13 18:44:31.664022,0.08692,0.07315,0.02195,663.14,NEAR_FLIP
2026-04-13 18:45:47.504071,0.04871,0.01148,0.01185,463.71,NEAR_FLIP
2026-04-13 18:47:03.599957,-0.11149,0.06194,0.02198,664.27,NEAR_FLIP
2026-04-13 18:48:27.829358,-0.00419,0.00604,0.00652,657.58,NEAR_FLIP
2026-04-13 18:49:53.525589,-0.00430,-0.01929,0.01110,414.57,NEAR_FLIP
2026-04-13 18:51:19.921242,0.06861,0.05232,0.01235,457.79,NEAR_FLIP
2026-04-13 18:52:44.500570,-0.13041,0.01634,0.01819,412.28,NEAR_FLIP
2026-04-13 18:54:22.709051,-0.05741,-0.03268,0.01363,556.14,STUCK
2026-04-13 18:55:47.116288,-0.02516,-0.01130,0.01518,457.37,NEAR_FLIP
2026-04-13 18:57:13.667907,0.01128,-0.02389,0.01385,414.58,NEAR_FLIP
2026-04-13 18:58:38.261873,-0.03702,-0.02054,0.01417,459.66,NEAR_FLIP
2026-04-13 19:00:01.513987,-0.02859,-0.02632,0.01363,657.99,NEAR_FLIP
2026-04-13 19:01:25.686402,-0.02196,-0.02326,0.00763,656.21,NEAR_FLIP
2026-04-13 19:03:03.838409,-0.02646,-0.00765,0.01200,556.21,STUCK
2026-04-13 19:04:24.854901,0.00725,0.05863,0.02412,657.02,NEAR_FLIP
2026-04-13 19:06:04.019442,-0.00976,0.01831,0.01066,258.26,LOW_ALT
2026-04-13 19:07:26.222871,-0.13742,0.07492,0.02347,658.53,NEAR_FLIP
2026-04-13 19:09:04.339669,0.03253,-0.01729,0.02195,555.03,STUCK
2026-04-13 19:10:24.448909,-0.10264,0.03225,0.01003,658.83,NEAR_FLIP
2026-04-13 19:11:48.651826,0.04449,-0.01620,0.01147,457.70,NEAR_FLIP
2026-04-13 19:13:12.814560,-0.05237,-0.03303,0.00966,657.87,NEAR_FLIP
2026-04-13 19:14:36.961341,-0.00032,-0.03684,0.00370,457.58,NEAR_FLIP
2026-04-13 19:16:15.088734,-0.00771,-0.00475,0.00532,78.82,FLEW
2026-04-13 19:17:37.180018,-0.00953,-0.00498,0.01183,459.45,NEAR_FLIP
2026-04-13 19:19:15.651792,-0.07790,-0.04944,0.02411,557.37,STUCK
2026-04-13 19:20:47.254848,-0.04583,-0.03753,0.00998,412.67,NEAR_FLIP
2026-04-13 19:22:13.376503,-0.04874,0.00302,0.01304,456.55,NEAR_FLIP
2026-04-13 19:23:39.583329,-0.02957,0.00231,0.00750,456.27,NEAR_FLIP
2026-04-13 19:25:07.804769,-0.01278,-0.03719,0.00790,660.13,NEAR_FLIP
2026-04-13 19:26:33.053605,-0.02151,-0.01613,0.01259,456.42,NEAR_FLIP
2026-04-13 19:28:11.806765,-0.04416,-0.00468,0.00623,255.46,LOW_ALT
2026-04-13 19:29:34.539681,0.03745,-0.04055,0.00975,664.46,NEAR_FLIP
2026-04-13 19:30:54.721245,0.06797,-0.02212,0.01093,658.23,NEAR_FLIP
2026-04-13 19:32:17.712387,-0.08093,0.05391,0.01942,657.63,NEAR_FLIP
2026-04-13 19:33:56.292060,0.03410,0.06187,0.02437,257.52,LOW_ALT
2026-04-13 19:35:20.492660,-0.02084,-0.02379,0.00807,456.89,NEAR_FLIP
2026-04-13 19:36:40.659548,-0.09920,0.04972,0.00335,658.92,NEAR_FLIP
2026-04-13 19:38:10.853278,-0.02742,0.04853,0.01791,413.61,NEAR_FLIP
2026-04-13 19:39:49.590230,-0.00484,-0.02145,0.00970,558.31,STUCK
2026-04-13 19:41:24.134427,0.03988,0.01068,0.01423,417.06,NEAR_FLIP
2026-04-13 19:43:00.368436,0.04008,-0.02196,0.01075,959.65,NEAR_FLIP
2026-04-13 19:44:27.099632,-0.02513,-0.00496,0.01123,455.52,NEAR_FLIP
2026-04-13 19:45:47.298317,-0.11014,-0.04080,0.01801,662.10,NEAR_FLIP
2026-04-13 19:47:11.387719,-0.03073,-0.06425,0.00977,656.54,NEAR_FLIP
2026-04-13 19:48:49.551244,0.00970,-0.03083,0.01119,256.08,LOW_ALT
2026-04-13 19:50:12.005925,0.02480,0.07297,0.00925,660.82,NEAR_FLIP
2026-04-13 19:51:36.708072,-0.01846,0.00746,0.00897,655.54,NEAR_FLIP
2026-04-13 19:53:05.878284,-0.00661,0.00166,0.00692,660.14,NEAR_FLIP
2026-04-13 19:54:33.140447,0.00514,-0.02164,0.00794,416.01,NEAR_FLIP
2026-04-13 19:56:11.615947,-0.02652,-0.02910,0.01141,255.15,LOW_ALT
2026-04-13 19:57:33.726971,0.00349,-0.03590,0.01668,458.73,NEAR_FLIP
2026-04-13 19:59:11.882834,0.01334,0.01483,0.01045,555.68,STUCK
2026-04-13 20:00:50.096898,-0.05272,-0.01795,0.00899,255.69,LOW_ALT
2026-04-13 20:02:10.833238,0.08308,-0.06633,0.02235,462.02,NEAR_FLIP
2026-04-13 20:03:44.043398,-0.00130,-0.02589,0.00870,455.67,NEAR_FLIP
2026-04-13 20:05:10.744642,-0.01122,-0.03534,0.00788,417.45,NEAR_FLIP
2026-04-13 20:06:49.460684,-0.02945,0.00547,0.01017,556.63,STUCK
2026-04-13 20:08:11.963797,-0.12507,-0.04761,0.01472,654.70,NEAR_FLIP
2026-04-13 20:09:38.406984,0.00576,-0.01086,0.01168,455.00,NEAR_FLIP
2026-04-13 20:11:06.595297,0.06897,0.01038,0.01989,655.63,NEAR_FLIP
2026-04-13 20:12:31.695647,-0.02055,-0.01939,0.01310,656.96,NEAR_FLIP
2026-04-13 20:13:58.522973,0.01597,-0.01372,0.01256,659.13,NEAR_FLIP
2026-04-13 20:15:36.735158,-0.01244,-0.00130,0.01255,256.63,LOW_ALT
2026-04-13 20:17:15.574611,-0.05127,-0.00993,0.00802,261.17,LOW_ALT
2026-04-13 20:18:53.710309,-0.02671,-0.05557,0.00987,256.98,LOW_ALT
2026-04-13 20:20:16.137847,-0.00361,-0.04283,0.01344,661.06,NEAR_FLIP
2026-04-13 20:21:50.590832,-0.01736,-0.01884,0.00653,655.60,NEAR_FLIP
2026-04-13 20:23:13.825729,0.05419,-0.01403,0.01021,462.32,NEAR_FLIP
2026-04-13 20:24:38.284922,0.00742,0.00074,0.01055,656.37,NEAR_FLIP
2026-04-13 20:26:04.544128,-0.05013,-0.01338,0.00822,456.71,NEAR_FLIP
2026-04-13 20:27:26.967091,0.00355,0.04500,0.00812,658.04,NEAR_FLIP
2026-04-13 20:28:53.496623,-0.11332,-0.01949,0.00998,413.37,NEAR_FLIP
2026-04-13 20:30:07.644025,-0.14379,0.06614,0.00321,663.24,NEAR_FLIP
2026-04-13 20:31:46.890898,0.01052,0.00940,0.02229,260.22,LOW_ALT
2026-04-13 20:33:25.510282,-0.03014,-0.01957,0.01056,556.70,STUCK
2026-04-13 20:34:52.359110,0.06254,0.07869,0.00758,657.04,NEAR_FLIP
2026-04-13 20:36:22.813509,-0.10587,-0.06014,0.01741,411.42,NEAR_FLIP
2026-04-13 20:37:43.329851,-0.11667,0.00867,0.01167,657.81,NEAR_FLIP
2026-04-13 20:39:09.527877,0.00715,-0.02571,0.00730,659.81,NEAR_FLIP
2026-04-13 20:40:32.357844,-0.02768,-0.05353,0.00779,660.38,NEAR_FLIP
2026-04-13 20:42:10.435207,-0.02673,0.04459,0.02175,555.70,STUCK
2026-04-13 20:43:40.684369,-0.00954,-0.06198,0.02053,413.30,NEAR_FLIP
2026-04-13 20:45:07.710557,-0.05212,0.00107,0.00741,656.09,NEAR_FLIP
2026-04-13 20:46:40.228193,-0.00969,-0.01024,0.01085,408.58,NEAR_FLIP
2026-04-13 20:48:04.392062,-0.04609,-0.02357,0.00800,656.60,NEAR_FLIP
2026-04-13 20:49:25.072949,0.08365,-0.02321,0.00607,663.25,NEAR_FLIP
2026-04-13 20:51:03.861453,-0.00485,-0.04342,0.02067,555.95,STUCK
2026-04-13 20:52:28.537930,-0.01787,-0.01753,0.00861,660.57,NEAR_FLIP
2026-04-13 20:53:53.619213,-0.03314,-0.04031,0.01003,458.74,NEAR_FLIP
2026-04-13 20:55:17.810983,-0.01536,-0.02684,0.00900,456.45,NEAR_FLIP
2026-04-13 20:56:42.598396,0.01613,0.01549,0.01212,660.55,NEAR_FLIP
2026-04-13 20:58:07.013642,-0.11302,-0.01903,0.01429,456.94,NEAR_FLIP
2026-04-13 20:59:29.486000,-0.04382,-0.03884,0.01000,656.70,NEAR_FLIP
2026-04-13 21:00:51.899211,-0.01993,-0.02700,0.01388,458.86,NEAR_FLIP
2026-04-13 21:02:12.269554,-0.14384,-0.04273,0.01180,660.89,NEAR_FLIP
2026-04-13 21:03:40.708283,0.01077,-0.01688,0.01741,461.44,NEAR_FLIP
2026-04-13 21:05:09.210656,-0.10137,0.04020,0.01369,409.43,NEAR_FLIP
2026-04-13 21:06:33.368333,-0.02873,-0.03091,0.00994,656.74,NEAR_FLIP
2026-04-13 21:08:12.392266,0.04687,0.06323,0.00511,554.69,STUCK
2026-04-13 21:09:49.922412,-0.02312,0.01371,0.00881,456.97,NEAR_FLIP
2026-04-13 21:11:12.341920,0.07589,-0.00405,0.02207,657.73,NEAR_FLIP
2026-04-13 21:12:34.573732,0.03208,-0.06538,0.02017,462.18,NEAR_FLIP
2026-04-13 21:13:58.693756,-0.05946,-0.01966,0.00834,656.90,NEAR_FLIP
2026-04-13 21:15:37.138865,-0.02187,-0.05095,0.02466,259.65,LOW_ALT
2026-04-13 21:17:15.595405,0.06078,-0.07652,0.02076,258.65,LOW_ALT
2026-04-13 21:18:39.053368,0.08792,-0.01013,0.00607,657.39,NEAR_FLIP
2026-04-13 21:20:05.249843,-0.00694,-0.05018,0.00698,655.95,NEAR_FLIP
2026-04-13 21:21:27.368910,-0.07100,-0.02382,0.00870,658.20,NEAR_FLIP
2026-04-13 21:22:50.487938,-0.11086,0.02707,0.01125,659.93,NEAR_FLIP
2026-04-13 21:24:10.605681,0.02114,0.06238,0.02111,660.57,NEAR_FLIP
2026-04-13 21:25:35.371839,-0.01435,-0.02254,0.00651,659.53,NEAR_FLIP
2026-04-13 21:26:56.262554,-0.13394,-0.05470,0.01347,657.16,NEAR_FLIP
2026-04-13 21:28:18.671497,0.00492,-0.02370,0.00755,459.67,NEAR_FLIP
2026-04-13 21:29:41.325396,-0.06173,0.06158,0.01853,656.57,NEAR_FLIP
2026-04-13 21:31:03.408560,0.00203,-0.05924,0.01600,660.55,NEAR_FLIP
2026-04-13 21:32:29.590547,-0.03190,-0.00869,0.00958,658.86,NEAR_FLIP
2026-04-13 21:34:04.055675,0.06527,0.05309,0.00987,458.37,NEAR_FLIP
2026-04-13 21:35:43.592486,-0.08130,-0.02633,0.01763,255.05,LOW_ALT
2026-04-13 21:37:07.811066,-0.01150,-0.00274,0.01228,417.97,NEAR_FLIP
2026-04-13 21:38:32.540039,-0.02955,0.02167,0.01041,656.98,NEAR_FLIP
2026-04-13 21:39:56.698310,-0.00961,-0.01276,0.00615,656.11,NEAR_FLIP
2026-04-13 21:41:21.925560,-0.02842,-0.00908,0.01290,655.22,NEAR_FLIP
2026-04-13 21:42:56.385747,-0.07125,-0.03248,0.00842,409.56,NEAR_FLIP
2026-04-13 21:44:20.553209,-0.02298,-0.01398,0.00989,661.46,NEAR_FLIP
2026-04-13 21:45:44.761735,-0.06387,0.02783,0.00653,655.88,NEAR_FLIP
2026-04-13 21:47:09.242270,-0.01584,-0.00602,0.00980,658.67,NEAR_FLIP
2026-04-13 21:48:33.997890,0.02052,0.00346,0.00925,660.25,NEAR_FLIP
2026-04-13 21:50:02.146713,-0.01654,-0.00876,0.01118,456.13,NEAR_FLIP
2026-04-13 21:51:24.523772,0.07742,0.01348,0.01667,460.18,NEAR_FLIP
2026-04-13 21:53:02.817354,-0.02145,-0.04049,0.00960,556.31,STUCK
2026-04-13 21:54:26.974421,-0.00876,-0.02581,0.01309,460.67,NEAR_FLIP
2026-04-13 21:55:51.120039,-0.01875,-0.03154,0.00896,415.68,NEAR_FLIP
2026-04-13 21:57:09.294881,-0.11767,0.07038,0.01965,663.96,NEAR_FLIP
2026-04-13 21:58:32.546638,0.02759,-0.00269,0.02072,459.05,NEAR_FLIP
2026-04-13 22:00:08.763846,-0.04683,-0.00759,0.01083,408.71,NEAR_FLIP
2026-04-13 22:01:33.623695,-0.06685,-0.04966,0.00334,657.02,NEAR_FLIP
2026-04-13 22:02:53.766741,-0.13854,-0.05777,0.02079,659.15,NEAR_FLIP
2026-04-13 22:04:32.311047,0.03681,-0.02389,0.02384,413.59,NEAR_FLIP
2026-04-13 22:05:59.177197,-0.04230,-0.00053,0.00928,457.39,NEAR_FLIP
2026-04-13 22:07:21.651229,-0.04171,0.06615,0.00670,659.75,NEAR_FLIP
2026-04-13 22:08:48.396490,-0.01825,-0.02225,0.00702,656.46,NEAR_FLIP
2026-04-13 22:10:26.682986,-0.03550,-0.02143,0.00761,556.50,STUCK
2026-04-13 22:12:05.166101,0.04023,-0.01065,0.01240,256.06,LOW_ALT
2026-04-13 22:13:30.409237,-0.04400,-0.00214,0.01040,655.95,NEAR_FLIP
2026-04-13 22:14:54.839524,-0.01199,-0.06598,0.01550,656.41,NEAR_FLIP
2026-04-13 22:16:33.493809,-0.03517,0.02637,0.01225,555.41,STUCK
2026-04-13 22:18:11.733471,-0.02514,0.00167,0.00480,558.46,STUCK
2026-04-13 22:19:37.908016,0.00723,0.00308,0.00481,656.62,NEAR_FLIP
2026-04-13 22:21:00.597763,0.04258,-0.01501,0.00939,459.91,NEAR_FLIP
2026-04-13 22:22:38.779072,0.03145,-0.05813,0.00888,557.74,STUCK
2026-04-13 22:24:17.407245,-0.13933,-0.03405,0.01820,656.66,NEAR_FLIP
2026-04-13 22:25:41.989934,-0.05573,-0.01354,0.01051,458.08,NEAR_FLIP
2026-04-13 22:27:02.143819,0.07551,0.04761,0.00634,660.15,NEAR_FLIP
2026-04-13 22:28:23.605700,-0.03326,0.05899,0.01519,659.81,NEAR_FLIP
2026-04-13 22:29:54.376279,0.01934,-0.01705,0.00698,457.13,NEAR_FLIP
2026-04-13 22:31:16.777060,0.06065,-0.01523,0.01376,458.68,NEAR_FLIP
2026-04-13 22:32:54.987346,0.00843,-0.00043,0.00719,557.54,STUCK
2026-04-13 22:34:33.714119,0.00157,-0.00365,0.01355,558.55,STUCK
2026-04-13 22:36:11.917641,-0.02347,-0.00785,0.01004,555.23,STUCK
2026-04-13 22:37:36.449201,-0.01739,0.05386,0.00435,655.77,NEAR_FLIP
2026-04-13 22:39:15.037315,-0.05988,-0.03071,0.00828,13.88,FLEW
2026-04-13 22:40:35.467032,-0.11738,-0.07412,0.00897,664.26,NEAR_FLIP
2026-04-13 22:42:10.027167,-0.09386,0.01008,0.01845,409.45,NEAR_FLIP
2026-04-13 22:43:48.240390,-0.03762,-0.00186,0.01219,255.31,LOW_ALT
2026-04-13 22:45:10.403045,-0.13476,0.01231,0.01703,657.17,NEAR_FLIP
2026-04-13 22:46:34.580732,0.01555,-0.02644,0.00576,458.75,NEAR_FLIP
2026-04-13 22:48:01.191173,-0.02983,-0.02485,0.01093,656.49,NEAR_FLIP
2026-04-13 22:49:21.772205,-0.08050,-0.07010,0.00601,658.74,NEAR_FLIP
2026-04-13 22:50:48.158324,-0.02376,-0.01236,0.01076,655.77,NEAR_FLIP
2026-04-13 22:52:22.624630,-0.00458,0.02250,0.01919,408.81,NEAR_FLIP
2026-04-13 22:54:01.427672,0.00364,-0.01761,0.01248,555.61,STUCK
2026-04-13 22:55:40.058832,-0.01710,-0.01325,0.01072,557.91,STUCK
2026-04-13 22:57:00.746709,-0.11274,-0.01823,0.00520,657.54,NEAR_FLIP
2026-04-13 22:58:22.914163,-0.04823,-0.04495,0.01054,656.85,NEAR_FLIP
2026-04-13 23:00:01.197169,0.08489,0.02396,0.00995,256.69,LOW_ALT
2026-04-13 23:01:31.656552,0.02878,0.03743,0.00537,665.96,NEAR_FLIP
2026-04-13 23:02:56.253416,-0.01203,-0.01076,0.01070,458.55,NEAR_FLIP
2026-04-13 23:04:35.030827,0.02961,-0.00342,0.00788,257.62,LOW_ALT
2026-04-13 23:05:55.198097,0.07249,-0.03189,0.01565,666.52,NEAR_FLIP
2026-04-13 23:07:33.374780,0.00580,-0.00687,0.01004,555.44,STUCK
2026-04-13 23:08:55.530017,0.09713,-0.04591,0.00912,656.46,NEAR_FLIP
2026-04-13 23:10:17.944084,-0.09289,-0.04621,0.01960,659.97,NEAR_FLIP
2026-04-13 23:11:51.110682,-0.05831,-0.00514,0.00617,412.29,NEAR_FLIP
2026-04-13 23:13:15.515097,-0.06176,0.03478,0.00979,656.21,NEAR_FLIP
2026-04-13 23:14:42.206003,-0.01418,-0.00275,0.00840,658.98,NEAR_FLIP
2026-04-13 23:16:07.172646,-0.01678,-0.02280,0.00839,657.70,NEAR_FLIP
2026-04-13 23:17:35.734035,0.09932,-0.00556,0.01573,654.30,NEAR_FLIP
2026-04-13 23:18:56.153573,-0.12632,0.05093,0.00716,660.95,NEAR_FLIP
2026-04-13 23:20:14.272139,-0.08775,0.07841,0.02127,653.17,NEAR_FLIP
2026-04-13 23:21:39.461574,0.04231,-0.03475,0.00823,657.27,NEAR_FLIP
2026-04-13 23:23:09.903252,-0.08315,0.00669,0.02183,407.90,NEAR_FLIP
2026-04-13 23:24:34.095673,-0.04399,0.03316,0.01512,657.71,NEAR_FLIP
2026-04-13 23:26:00.706172,0.00418,-0.01362,0.01022,658.65,NEAR_FLIP
2026-04-13 23:27:25.221514,0.05407,-0.00784,0.02077,656.74,NEAR_FLIP
2026-04-13 23:28:59.710066,0.06012,-0.07301,0.02000,457.56,NEAR_FLIP
2026-04-13 23:30:24.429316,0.01470,-0.04391,0.01001,655.74,NEAR_FLIP
2026-04-13 23:31:44.564721,0.03961,0.02486,0.00663,656.65,NEAR_FLIP
2026-04-13 23:33:07.622589,0.04092,-0.00443,0.01727,657.23,NEAR_FLIP
2026-04-13 23:34:27.818163,-0.10756,0.03519,0.00609,657.29,NEAR_FLIP
2026-04-13 23:36:05.883851,-0.04875,0.00818,0.01207,256.60,LOW_ALT
2026-04-13 23:37:30.337277,0.01764,-0.01334,0.01199,655.49,NEAR_FLIP
2026-04-13 23:39:02.510508,-0.04046,0.00534,0.01049,407.78,NEAR_FLIP
2026-04-13 23:40:26.541231,-0.12378,-0.01018,0.02355,457.71,NEAR_FLIP
2026-04-13 23:41:57.795627,0.08062,-0.02060,0.01461,655.95,NEAR_FLIP
2026-04-13 23:43:19.950209,-0.03636,0.05032,0.01203,657.00,NEAR_FLIP
2026-04-13 23:44:58.109327,-0.02435,-0.02078,0.00867,259.12,LOW_ALT
2026-04-13 23:46:20.625181,-0.02219,-0.04704,0.01202,660.38,NEAR_FLIP
2026-04-13 23:47:43.046415,-0.04167,0.05178,0.00686,656.11,NEAR_FLIP
2026-04-13 23:49:11.801380,0.04532,0.04080,0.01657,656.82,NEAR_FLIP
2026-04-13 23:50:34.306261,0.07052,0.02465,0.01352,463.98,NEAR_FLIP
2026-04-13 23:52:02.755827,0.00828,-0.00691,0.00843,455.73,NEAR_FLIP
2026-04-13 23:53:27.609661,0.06855,0.03311,0.02276,658.18,NEAR_FLIP
2026-04-13 23:54:49.702394,-0.03307,-0.07652,0.00583,657.33,NEAR_FLIP
2026-04-13 23:56:17.910995,-0.04083,-0.00650,0.01158,657.35,NEAR_FLIP
2026-04-13 23:57:44.432417,-0.03551,-0.01578,0.01056,415.67,NEAR_FLIP
2026-04-13 23:59:08.893774,0.08178,0.04510,0.01123,457.70,NEAR_FLIP
2026-04-14 00:00:47.375594,-0.12387,-0.06826,0.00678,263.65,LOW_ALT
2026-04-14 00:02:13.924486,-0.01826,-0.01415,0.00708,456.78,NEAR_FLIP
2026-04-14 00:03:38.672738,0.04468,-0.01488,0.00772,457.31,NEAR_FLIP
2026-04-14 00:05:05.179101,0.00141,0.02228,0.02234,657.70,NEAR_FLIP
2026-04-14 00:06:29.692535,0.00410,-0.02471,0.00996,458.24,NEAR_FLIP
2026-04-14 00:07:56.231329,-0.01924,-0.00057,0.01015,657.70,NEAR_FLIP
2026-04-14 00:09:16.725041,-0.07253,-0.07449,0.02130,659.89,NEAR_FLIP
2026-04-14 00:10:45.168508,-0.00704,-0.01003,0.00360,456.42,NEAR_FLIP
2026-04-14 00:12:12.337281,0.01775,0.00480,0.02080,656.02,NEAR_FLIP
2026-04-14 00:13:34.750208,-0.00322,0.07143,0.00983,659.87,NEAR_FLIP
2026-04-14 00:14:56.936958,-0.03803,-0.03383,0.01184,661.06,NEAR_FLIP
2026-04-14 00:16:35.719046,0.07009,0.07997,0.02064,255.01,LOW_ALT
2026-04-14 00:18:14.507789,0.01182,-0.02622,0.01112,555.63,STUCK
2026-04-14 00:19:41.047842,0.01262,-0.00646,0.01480,659.45,NEAR_FLIP
2026-04-14 00:21:20.273953,-0.04740,0.05000,0.02400,259.01,LOW_ALT
2026-04-14 00:22:45.417789,0.01805,-0.00085,0.01127,457.52,NEAR_FLIP
2026-04-14 00:24:09.920221,-0.04565,-0.00964,0.01364,663.49,NEAR_FLIP
2026-04-14 00:25:34.156606,-0.03351,0.05764,0.00567,657.12,NEAR_FLIP
2026-04-14 00:26:58.366126,0.02277,-0.05503,0.00783,659.97,NEAR_FLIP
2026-04-14 00:28:21.492470,-0.07059,-0.05019,0.01515,659.83,NEAR_FLIP
2026-04-14 00:29:59.689014,0.00652,-0.05053,0.02219,555.63,STUCK
2026-04-14 00:31:23.865674,-0.00205,-0.04312,0.00901,657.18,NEAR_FLIP
2026-04-14 00:32:46.221115,-0.08794,-0.02732,0.00502,659.08,NEAR_FLIP
2026-04-14 00:34:24.725709,0.01043,-0.02933,0.01118,557.12,STUCK
2026-04-14 00:35:45.753690,-0.09970,-0.02405,0.01240,656.90,NEAR_FLIP
2026-04-14 00:37:11.942245,-0.05707,-0.01891,0.00400,656.00,NEAR_FLIP
2026-04-14 00:38:50.738748,-0.03551,0.00110,0.00933,556.69,STUCK
2026-04-14 00:40:12.844599,0.06805,-0.01735,0.01872,659.32,NEAR_FLIP
2026-04-14 00:41:45.755145,-0.06432,0.00776,0.01018,410.94,NEAR_FLIP
2026-04-14 00:43:23.335866,-0.01698,-0.01150,0.00847,458.13,NEAR_FLIP
2026-04-14 00:44:53.823281,-0.00896,-0.00286,0.00500,409.77,NEAR_FLIP
2026-04-14 00:46:18.520404,-0.00372,0.01871,0.01931,457.60,NEAR_FLIP
2026-04-14 00:47:41.747929,-0.06419,0.02099,0.01625,460.62,NEAR_FLIP
2026-04-14 00:49:03.924417,-0.06061,0.07985,0.01153,657.71,NEAR_FLIP
2026-04-14 00:50:42.335394,-0.03192,-0.02529,0.00781,556.73,STUCK
2026-04-14 00:52:04.742459,-0.09747,-0.06342,0.02393,658.50,NEAR_FLIP
2026-04-14 00:53:31.193013,-0.02833,-0.01476,0.00688,655.99,NEAR_FLIP
2026-04-14 00:54:55.412537,-0.05128,-0.02291,0.01173,458.52,NEAR_FLIP
2026-04-14 00:56:22.528187,-0.00621,-0.01254,0.00887,657.78,NEAR_FLIP
2026-04-14 00:57:45.281349,0.09855,0.01121,0.00927,461.21,NEAR_FLIP
2026-04-14 00:59:09.392064,-0.05169,0.03056,0.02345,657.54,NEAR_FLIP
2026-04-14 01:00:37.588957,-0.09093,-0.05351,0.01446,410.39,NEAR_FLIP
2026-04-14 01:02:02.009467,-0.05205,0.04867,0.00870,656.80,NEAR_FLIP
2026-04-14 01:03:27.156294,-0.00283,0.03159,0.01881,658.68,NEAR_FLIP
2026-04-14 01:04:49.579252,-0.08827,-0.00526,0.01851,657.94,NEAR_FLIP
2026-04-14 01:06:14.081156,-0.07061,0.00371,0.00642,655.92,NEAR_FLIP
2026-04-14 01:07:52.316268,0.04518,-0.06737,0.01458,255.75,LOW_ALT
2026-04-14 01:09:31.129902,0.02021,-0.06234,0.01561,456.57,NEAR_FLIP
2026-04-14 01:11:09.875510,-0.07281,0.04340,0.01473,8.33,FLEW
2026-04-14 01:12:34.048804,-0.07218,0.03830,0.01328,458.82,NEAR_FLIP
2026-04-14 01:13:54.471900,-0.08418,0.05974,0.01411,660.05,NEAR_FLIP
2026-04-14 01:15:33.843158,-0.03483,-0.05372,0.01409,256.01,LOW_ALT
2026-04-14 01:17:00.080521,0.03955,0.06573,0.02045,457.80,NEAR_FLIP
2026-04-14 01:18:25.276777,0.03476,0.02887,0.02243,656.77,NEAR_FLIP
2026-04-14 01:19:47.447461,-0.09572,0.04655,0.01432,659.32,NEAR_FLIP
2026-04-14 01:21:15.624159,-0.00998,0.01415,0.01065,657.23,NEAR_FLIP
2026-04-14 01:22:36.411251,-0.12850,0.05946,0.01109,660.04,NEAR_FLIP
2026-04-14 01:24:08.883534,0.06161,0.06691,0.02134,456.56,NEAR_FLIP
2026-04-14 01:25:36.093448,0.08756,0.07631,0.01540,460.77,NEAR_FLIP
2026-04-14 01:27:00.532309,-0.01278,-0.07649,0.01339,656.13,NEAR_FLIP
2026-04-14 01:28:38.770648,0.00424,-0.00761,0.00614,556.29,STUCK
2026-04-14 01:30:17.218441,0.00130,-0.05019,0.00904,556.69,STUCK
2026-04-14 01:31:37.395268,0.06529,0.04925,0.01317,462.89,NEAR_FLIP
2026-04-14 01:32:58.057572,-0.11180,0.03168,0.01382,656.87,NEAR_FLIP
2026-04-14 01:34:26.736925,-0.06007,0.04732,0.01435,457.71,NEAR_FLIP
2026-04-14 01:35:53.772935,0.04100,0.00716,0.00614,457.71,NEAR_FLIP
2026-04-14 01:37:13.923999,-0.10257,-0.05530,0.00843,658.07,NEAR_FLIP
2026-04-14 01:38:34.384589,-0.11738,0.01270,0.02465,665.97,NEAR_FLIP
2026-04-14 01:39:58.809332,-0.03474,0.02927,0.01593,656.06,NEAR_FLIP
2026-04-14 01:41:21.232110,-0.04608,-0.07414,0.00832,657.08,NEAR_FLIP
2026-04-14 01:42:43.942366,-0.08954,0.01676,0.01428,657.38,NEAR_FLIP
2026-04-14 01:44:12.382059,-0.12632,-0.00391,0.01996,651.38,NEAR_FLIP
2026-04-14 01:45:34.870774,0.01491,0.07636,0.00601,460.54,NEAR_FLIP
2026-04-14 01:46:57.797773,-0.06068,0.02026,0.01520,659.64,NEAR_FLIP
2026-04-14 01:48:22.561733,-0.09170,-0.05553,0.00851,459.06,NEAR_FLIP
2026-04-14 01:49:42.985005,-0.09186,0.04719,0.01639,658.53,NEAR_FLIP
2026-04-14 01:51:06.079040,-0.03972,0.04527,0.01529,659.72,NEAR_FLIP
2026-04-14 01:52:28.744872,0.07514,-0.04980,0.01379,656.25,NEAR_FLIP
2026-04-14 01:53:46.814607,-0.06586,0.05638,0.01163,650.93,NEAR_FLIP
2026-04-14 01:55:07.388363,0.05717,-0.03406,0.01444,660.52,NEAR_FLIP
2026-04-14 01:56:32.012764,-0.04587,-0.06240,0.00393,660.77,NEAR_FLIP
2026-04-14 01:57:54.472956,-0.05656,-0.04756,0.01764,656.45,NEAR_FLIP
2026-04-14 01:59:23.016038,0.05647,0.03377,0.01021,458.84,NEAR_FLIP
2026-04-14 02:01:01.111632,-0.07969,0.03513,0.00984,256.46,LOW_ALT
2026-04-14 02:02:23.796328,-0.06548,0.05828,0.01605,656.31,NEAR_FLIP
2026-04-14 02:03:51.970311,-0.05558,0.01686,0.02494,410.87,NEAR_FLIP
2026-04-14 02:05:16.399149,-0.03928,0.02988,0.01384,656.28,NEAR_FLIP
2026-04-14 02:06:54.947145,-0.14604,0.03482,0.00638,263.78,LOW_ALT
2026-04-14 02:08:33.199843,-0.05240,-0.00476,0.01597,555.82,STUCK
2026-04-14 02:09:55.700105,0.05140,-0.03658,0.01877,458.65,NEAR_FLIP
2026-04-14 02:11:20.462891,-0.02893,0.03694,0.00367,655.99,NEAR_FLIP
2026-04-14 02:12:43.663253,-0.10619,0.02499,0.01916,658.21,NEAR_FLIP
2026-04-14 02:14:06.423610,-0.06354,0.03862,0.01733,660.48,NEAR_FLIP
2026-04-14 02:15:31.142513,-0.02163,-0.05752,0.00716,658.01,NEAR_FLIP
2026-04-14 02:16:53.391061,-0.08190,0.01815,0.01331,664.28,NEAR_FLIP
2026-04-14 02:18:18.572326,-0.10156,-0.06150,0.01387,460.23,NEAR_FLIP
2026-04-14 02:19:57.045315,-0.02548,0.03051,0.01683,12.53,FLEW
2026-04-14 02:21:18.218768,0.07591,0.06855,0.00338,660.10,NEAR_FLIP
2026-04-14 02:22:42.671982,-0.08930,-0.02861,0.01438,659.51,NEAR_FLIP
2026-04-14 02:24:03.082673,-0.08693,0.05586,0.01381,659.39,NEAR_FLIP
2026-04-14 02:25:23.524299,0.09251,0.03290,0.01900,661.54,NEAR_FLIP
2026-04-14 02:26:47.642727,-0.07542,0.05554,0.01662,655.50,NEAR_FLIP
2026-04-14 02:28:07.736969,-0.12938,0.04259,0.01967,660.50,NEAR_FLIP
2026-04-14 02:29:32.282275,0.09797,0.01686,0.02370,663.37,NEAR_FLIP
2026-04-14 02:30:51.567299,-0.09277,0.01835,0.01357,651.47,NEAR_FLIP
2026-04-14 02:32:16.061786,-0.10284,-0.07627,0.01753,461.35,NEAR_FLIP
2026-04-14 02:33:43.179321,-0.05500,0.03354,0.01486,455.59,NEAR_FLIP
2026-04-14 02:35:16.086502,-0.07229,0.03381,0.01331,408.54,NEAR_FLIP
2026-04-14 02:36:38.218428,-0.03955,0.03259,0.01672,658.02,NEAR_FLIP
2026-04-14 02:37:58.633167,-0.12072,0.03888,0.01124,659.60,NEAR_FLIP
2026-04-14 02:39:19.092978,0.07451,0.00838,0.00534,659.68,NEAR_FLIP
2026-04-14 02:40:44.192171,-0.05635,-0.02439,0.01789,657.65,NEAR_FLIP
2026-04-14 02:42:04.617922,-0.14993,-0.02348,0.00551,662.29,NEAR_FLIP
2026-04-14 02:43:24.726936,-0.07196,0.07086,0.01742,653.29,NEAR_FLIP
2026-04-14 02:44:46.873303,-0.00638,0.07435,0.00326,657.91,NEAR_FLIP
2026-04-14 02:46:09.135299,-0.02896,-0.04909,0.00909,659.36,NEAR_FLIP
2026-04-14 02:47:47.357124,-0.12174,0.01273,0.02186,58.23,FLEW
2026-04-14 02:49:25.822320,0.02612,0.06059,0.01534,260.11,LOW_ALT
2026-04-14 02:50:45.982052,-0.10787,0.05943,0.01241,657.28,NEAR_FLIP
2026-04-14 02:52:24.729013,0.04344,0.01869,0.02420,56.96,FLEW
2026-04-14 02:53:48.289538,-0.08365,0.05474,0.01299,657.74,NEAR_FLIP
2026-04-14 02:55:08.742177,-0.07894,0.06469,0.01193,659.87,NEAR_FLIP
2026-04-14 02:56:31.167086,0.08518,-0.06917,0.01353,660.11,NEAR_FLIP
2026-04-14 02:57:52.074600,-0.08957,0.03461,0.01496,658.64,NEAR_FLIP
2026-04-14 02:59:14.317006,0.09853,0.00216,0.01257,460.66,NEAR_FLIP
2026-04-14 03:00:36.772066,-0.07759,0.01348,0.01207,657.13,NEAR_FLIP
2026-04-14 03:02:00.949542,-0.02716,0.04401,0.01491,459.80,NEAR_FLIP
2026-04-14 03:03:31.703103,-0.12887,-0.04391,0.02470,656.45,NEAR_FLIP
2026-04-14 03:05:08.110720,0.03571,-0.03182,0.00363,657.64,NEAR_FLIP
2026-04-14 03:06:46.606021,0.01215,0.00320,0.01104,257.82,LOW_ALT
2026-04-14 03:08:16.871293,-0.06122,0.06719,0.01379,411.76,NEAR_FLIP
2026-04-14 03:09:39.288052,-0.09914,0.03372,0.01395,657.89,NEAR_FLIP
2026-04-14 03:11:02.463715,-0.02263,-0.05285,0.02472,660.04,NEAR_FLIP
2026-04-14 03:12:23.109818,-0.08993,0.02821,0.01469,659.93,NEAR_FLIP
2026-04-14 03:13:47.309624,-0.09707,0.07369,0.00972,657.05,NEAR_FLIP
2026-04-14 03:15:25.840031,0.07180,-0.05679,0.01456,259.74,LOW_ALT
2026-04-14 03:16:45.842341,-0.08994,0.03852,0.01828,655.15,NEAR_FLIP
2026-04-14 03:18:04.318057,-0.14770,0.07806,0.00436,664.08,NEAR_FLIP
2026-04-14 03:19:26.757036,-0.05343,0.07482,0.01045,657.51,NEAR_FLIP
2026-04-14 03:21:05.563400,0.09417,0.02016,0.01763,259.03,LOW_ALT
2026-04-14 03:22:28.326555,-0.05998,0.04194,0.01347,657.60,NEAR_FLIP
2026-04-14 03:23:59.581554,-0.06990,0.03620,0.01025,410.32,NEAR_FLIP
2026-04-14 03:25:26.009425,0.09430,-0.02202,0.01942,661.44,NEAR_FLIP
2026-04-14 03:26:50.408337,-0.05957,0.02156,0.01485,656.60,NEAR_FLIP
2026-04-14 03:28:28.911307,0.04880,0.04515,0.01960,256.05,LOW_ALT
2026-04-14 03:30:08.189963,-0.10552,0.05224,0.01269,11.34,FLEW
2026-04-14 03:31:29.364345,-0.14628,-0.04896,0.01621,660.55,NEAR_FLIP
2026-04-14 03:33:07.685987,-0.04816,0.02742,0.01231,555.15,STUCK
2026-04-14 03:34:30.257177,-0.08802,0.01790,0.02425,659.11,NEAR_FLIP
2026-04-14 03:35:50.763100,-0.11199,0.04284,0.01115,660.32,NEAR_FLIP
2026-04-14 03:37:10.853015,-0.10753,0.04833,0.01526,659.08,NEAR_FLIP
2026-04-14 03:38:35.277122,-0.03975,0.05909,0.01079,660.21,NEAR_FLIP
2026-04-14 03:39:56.133838,-0.07536,0.04990,0.01164,660.23,NEAR_FLIP
2026-04-14 03:41:14.831236,0.08737,-0.07544,0.01882,463.64,NEAR_FLIP
2026-04-14 03:42:37.391686,-0.03968,0.07484,0.02190,658.29,NEAR_FLIP
2026-04-14 03:44:16.536112,0.05691,0.05594,0.00437,554.07,STUCK
2026-04-14 03:45:38.778095,-0.08235,0.05960,0.01520,657.70,NEAR_FLIP
2026-04-14 03:47:11.009238,-0.04452,-0.01710,0.00518,457.40,NEAR_FLIP
2026-04-14 03:48:33.420779,-0.12561,-0.06946,0.00662,658.22,NEAR_FLIP
2026-04-14 03:49:57.636836,0.04587,-0.00740,0.02484,459.46,NEAR_FLIP
2026-04-14 03:51:20.046253,0.01337,-0.07928,0.01390,460.05,NEAR_FLIP
2026-04-14 03:52:58.534518,-0.03241,0.01837,0.02214,259.66,LOW_ALT
2026-04-14 03:54:18.741625,-0.08854,0.05451,0.01568,658.98,NEAR_FLIP
2026-04-14 03:55:43.189640,0.04137,0.05276,0.01705,460.09,NEAR_FLIP
2026-04-14 03:57:05.872044,0.06772,0.00371,0.00714,659.90,NEAR_FLIP
2026-04-14 03:58:23.891364,-0.11039,0.06599,0.01763,664.27,NEAR_FLIP
2026-04-14 03:59:46.964399,-0.04724,0.06346,0.01058,659.18,NEAR_FLIP
2026-04-14 04:01:09.973377,0.07015,-0.03898,0.01361,659.20,NEAR_FLIP
2026-04-14 04:02:48.730823,-0.14951,-0.03267,0.00771,252.44,LOW_ALT
2026-04-14 04:04:13.358822,-0.08619,0.05524,0.01185,655.75,NEAR_FLIP
2026-04-14 04:05:44.901173,-0.06697,-0.00996,0.01614,656.10,NEAR_FLIP
2026-04-14 04:07:23.129352,-0.02877,0.06118,0.01794,258.35,LOW_ALT
2026-04-14 04:08:45.383336,-0.07475,0.03575,0.01152,657.16,NEAR_FLIP
2026-04-14 04:10:05.942134,-0.12498,-0.04167,0.00417,658.32,NEAR_FLIP
2026-04-14 04:11:39.061520,-0.03916,-0.01671,0.01513,661.56,NEAR_FLIP
2026-04-14 04:13:01.235044,-0.04169,0.05615,0.01203,660.07,NEAR_FLIP
2026-04-14 04:14:27.844488,-0.06598,0.04533,0.01657,658.85,NEAR_FLIP
2026-04-14 04:16:05.987669,-0.07479,0.05353,0.01566,257.22,LOW_ALT
2026-04-14 04:17:28.409631,-0.06791,0.08000,0.01438,659.01,NEAR_FLIP
2026-04-14 04:18:52.571408,-0.07506,0.03556,0.02238,659.28,NEAR_FLIP
2026-04-14 04:20:31.362897,0.09908,-0.00659,0.01267,254.54,LOW_ALT
2026-04-14 04:21:51.855571,-0.10972,-0.02484,0.00620,661.08,NEAR_FLIP
2026-04-14 04:23:10.563985,-0.11635,0.04350,0.01407,651.78,NEAR_FLIP
2026-04-14 04:24:39.026469,-0.01693,0.05437,0.00467,456.62,NEAR_FLIP
2026-04-14 04:26:09.648353,-0.00931,0.05373,0.01792,415.17,NEAR_FLIP
2026-04-14 04:27:32.085078,0.05497,-0.00390,0.00700,658.06,NEAR_FLIP
2026-04-14 04:29:02.829468,-0.12322,-0.07476,0.00438,413.57,NEAR_FLIP
2026-04-14 04:30:25.216878,0.05717,-0.07433,0.01349,658.71,NEAR_FLIP
2026-04-14 04:32:00.176135,-0.09024,-0.03268,0.02281,408.10,NEAR_FLIP
2026-04-14 04:33:22.913893,-0.00991,0.04453,0.01475,659.43,NEAR_FLIP
2026-04-14 04:34:43.082718,-0.10958,0.01733,0.01668,656.72,NEAR_FLIP
2026-04-14 04:36:05.168274,0.00076,0.03410,0.00933,457.24,NEAR_FLIP
2026-04-14 04:37:43.767676,0.00651,-0.01362,0.00801,556.23,STUCK
2026-04-14 04:39:03.945682,0.07913,-0.01241,0.01855,460.75,NEAR_FLIP
2026-04-14 04:40:28.142782,-0.09684,0.05116,0.01676,416.03,NEAR_FLIP
2026-04-14 04:41:50.356838,-0.06472,0.03963,0.01298,658.07,NEAR_FLIP
2026-04-14 04:43:11.096497,-0.10646,0.01735,0.00985,658.45,NEAR_FLIP
2026-04-14 04:44:34.348253,-0.02930,0.03577,0.01070,657.77,NEAR_FLIP
2026-04-14 04:45:54.448806,-0.12098,-0.05076,0.00711,658.78,NEAR_FLIP
2026-04-14 04:47:15.116939,-0.09330,0.03415,0.01650,657.89,NEAR_FLIP
2026-04-14 04:48:39.298161,-0.07717,0.04661,0.01952,459.18,NEAR_FLIP
2026-04-14 04:50:13.777506,-0.06519,0.04162,0.01846,412.65,NEAR_FLIP
2026-04-14 04:51:33.983384,-0.03318,0.04438,0.01297,656.77,NEAR_FLIP
2026-04-14 04:53:12.168971,0.09402,0.01107,0.00764,259.13,LOW_ALT
2026-04-14 04:54:34.268293,0.03944,0.01140,0.01527,657.62,NEAR_FLIP
2026-04-14 04:55:55.162911,-0.09613,0.02546,0.01794,665.46,NEAR_FLIP
2026-04-14 04:57:29.356170,-0.06172,0.04511,0.01492,409.60,NEAR_FLIP
2026-04-14 04:58:49.507582,0.00321,0.04521,0.01590,661.65,NEAR_FLIP
2026-04-14 05:00:09.766952,-0.13938,0.03304,0.01683,661.16,NEAR_FLIP
2026-04-14 05:01:34.830953,-0.06759,0.05905,0.01644,659.00,NEAR_FLIP
2026-04-14 05:02:56.070594,-0.11427,0.04877,0.01140,660.19,NEAR_FLIP
2026-04-14 05:04:20.518127,-0.06726,0.03326,0.01383,458.33,NEAR_FLIP
2026-04-14 05:05:43.077356,-0.04119,0.04751,0.01653,660.08,NEAR_FLIP
2026-04-14 05:07:07.269526,-0.09104,0.04112,0.01647,458.81,NEAR_FLIP
2026-04-14 05:08:35.924264,-0.07274,0.00004,0.02257,409.10,NEAR_FLIP
2026-04-14 05:10:04.109172,-0.06079,0.03277,0.01282,411.28,NEAR_FLIP
2026-04-14 05:11:27.656254,-0.04026,0.03432,0.01727,659.88,NEAR_FLIP
2026-04-14 05:12:50.074991,-0.06892,0.03376,0.02184,657.67,NEAR_FLIP
2026-04-14 05:14:16.993348,-0.05355,0.04083,0.01522,458.71,NEAR_FLIP
2026-04-14 05:15:42.164131,-0.06205,0.00521,0.00745,656.22,NEAR_FLIP
2026-04-14 05:17:06.355570,0.02697,0.07845,0.00734,655.33,NEAR_FLIP
2026-04-14 05:18:26.757327,-0.12945,0.04994,0.01201,661.24,NEAR_FLIP
2026-04-14 05:20:05.218523,0.09301,0.02977,0.02198,555.53,STUCK
2026-04-14 05:21:27.648062,-0.04024,0.07371,0.01724,657.67,NEAR_FLIP
2026-04-14 05:23:07.299642,-0.04794,0.00310,0.01379,59.99,FLEW
2026-04-14 05:24:33.749028,-0.06212,-0.00437,0.00748,656.63,NEAR_FLIP
2026-04-14 05:26:00.298765,-0.02463,-0.00156,0.02012,458.26,NEAR_FLIP
2026-04-14 05:27:24.415813,-0.08230,0.05161,0.01360,656.14,NEAR_FLIP
2026-04-14 05:28:51.264605,0.08059,-0.02209,0.01987,462.07,NEAR_FLIP
2026-04-14 05:30:13.720414,-0.12629,0.06674,0.00868,459.35,NEAR_FLIP
2026-04-14 05:31:35.811067,0.00436,-0.06181,0.01872,659.34,NEAR_FLIP
2026-04-14 05:33:02.047293,-0.06280,0.04407,0.01107,458.32,NEAR_FLIP
2026-04-14 05:34:25.197522,-0.06018,0.04781,0.01480,658.18,NEAR_FLIP
2026-04-14 05:35:53.630265,0.03711,0.01195,0.02242,657.30,NEAR_FLIP
2026-04-14 05:37:32.089785,0.06560,0.03441,0.01538,266.51,LOW_ALT
2026-04-14 05:38:52.841982,-0.11250,0.04921,0.01454,661.98,NEAR_FLIP
2026-04-14 05:40:31.432280,0.00087,-0.04859,0.00711,555.53,STUCK
2026-04-14 05:41:52.302246,-0.08249,0.07162,0.01114,659.47,NEAR_FLIP
2026-04-14 05:43:18.718925,0.05011,0.07004,0.02147,659.43,NEAR_FLIP
2026-04-14 05:44:57.528326,-0.04707,-0.02072,0.01418,555.23,STUCK
2026-04-14 05:46:17.684279,-0.03708,0.06810,0.01458,660.04,NEAR_FLIP
2026-04-14 05:47:56.128366,-0.09162,0.03066,0.01508,257.59,LOW_ALT
2026-04-14 05:49:18.908610,-0.05735,0.05354,0.01223,658.35,NEAR_FLIP
2026-04-14 05:50:43.345962,0.05755,0.00587,0.01250,460.25,NEAR_FLIP
2026-04-14 05:52:05.489954,0.03749,0.01479,0.01760,457.05,NEAR_FLIP
2026-04-14 05:53:43.997226,-0.09438,0.01525,0.01484,259.47,LOW_ALT
2026-04-14 05:55:06.739082,-0.10250,0.05339,0.01617,659.15,NEAR_FLIP
2026-04-14 05:56:31.214010,-0.02872,0.02668,0.01493,665.07,NEAR_FLIP
2026-04-14 05:57:51.916521,-0.11618,0.04575,0.01088,662.04,NEAR_FLIP
2026-04-14 05:59:30.471027,-0.04856,0.02345,0.01414,10.52,FLEW
2026-04-14 06:01:09.013436,-0.00058,0.04816,0.02328,57.55,FLEW
2026-04-14 06:02:41.144007,-0.05005,-0.04810,0.01783,410.28,NEAR_FLIP
2026-04-14 06:04:20.411508,-0.05241,0.06195,0.01699,554.39,STUCK
2026-04-14 06:05:42.609278,-0.11153,-0.00680,0.01205,656.62,NEAR_FLIP
2026-04-14 06:07:15.747472,-0.02138,-0.04930,0.01943,456.86,NEAR_FLIP
2026-04-14 06:08:44.182573,-0.04222,0.07462,0.01814,663.99,NEAR_FLIP
2026-04-14 06:10:06.625165,0.05086,0.04304,0.01779,660.79,NEAR_FLIP
2026-04-14 06:11:31.057095,-0.01469,0.06581,0.01435,457.95,NEAR_FLIP
2026-04-14 06:13:09.215995,0.05628,-0.00869,0.00677,259.25,LOW_ALT
2026-04-14 06:14:29.653925,0.09106,0.01181,0.00445,659.02,NEAR_FLIP
2026-04-14 06:16:05.887229,-0.02905,0.03331,0.01207,408.55,NEAR_FLIP
2026-04-14 06:17:26.265043,-0.10203,0.02145,0.02272,660.18,NEAR_FLIP
2026-04-14 06:19:04.516569,0.05977,-0.07036,0.01292,254.32,LOW_ALT
2026-04-14 06:20:31.690892,-0.09515,0.04974,0.01402,459.45,NEAR_FLIP
2026-04-14 06:21:55.916728,-0.09171,0.06223,0.01959,457.23,NEAR_FLIP
2026-04-14 06:23:28.127671,-0.13045,0.07342,0.00484,411.60,NEAR_FLIP
2026-04-14 06:24:50.282976,-0.02635,0.04477,0.01492,659.29,NEAR_FLIP
2026-04-14 06:26:10.740135,-0.10695,0.02670,0.01505,657.44,NEAR_FLIP
2026-04-14 06:27:37.523365,-0.10112,0.03869,0.01915,407.89,NEAR_FLIP
2026-04-14 06:29:12.059376,-0.04798,0.06027,0.02453,655.80,NEAR_FLIP
2026-04-14 06:30:33.232043,0.05513,0.03384,0.02410,662.18,NEAR_FLIP
2026-04-14 06:31:55.412690,0.00106,-0.05351,0.01312,661.63,NEAR_FLIP
2026-04-14 06:33:33.665956,-0.13614,-0.01568,0.02398,553.90,STUCK
2026-04-14 06:34:58.061603,-0.09649,0.03834,0.01428,458.95,NEAR_FLIP
2026-04-14 06:36:26.848082,-0.01589,0.04252,0.01192,455.54,NEAR_FLIP
2026-04-14 06:37:50.896210,-0.07006,0.03903,0.01298,9999.00,BRIDGE_FAIL
2026-04-14 06:39:13.151256,-0.05956,0.08000,0.01311,658.13,NEAR_FLIP
2026-04-14 06:40:37.373874,-0.01622,0.06534,0.02289,657.41,NEAR_FLIP
2026-04-14 06:42:02.087857,-0.01119,0.06341,0.01468,656.85,NEAR_FLIP
2026-04-14 06:43:28.635642,0.01591,-0.07481,0.01263,656.24,NEAR_FLIP
2026-04-14 06:44:53.371995,-0.06083,0.01678,0.01916,656.00,NEAR_FLIP
2026-04-14 06:46:17.754107,-0.03138,0.02385,0.01743,458.09,NEAR_FLIP
2026-04-14 06:47:42.251577,-0.07381,0.05659,0.01173,655.70,NEAR_FLIP
2026-04-14 06:49:10.527728,-0.04446,0.00333,0.01233,657.55,NEAR_FLIP
2026-04-14 06:50:34.821831,-0.05000,0.04891,0.01238,657.46,NEAR_FLIP
2026-04-14 06:52:01.252764,-0.04435,0.01966,0.01234,458.99,NEAR_FLIP
2026-04-14 06:53:27.708124,0.00913,0.00452,0.00342,656.02,NEAR_FLIP
2026-04-14 06:54:50.894639,0.09155,0.01879,0.01107,657.20,NEAR_FLIP
2026-04-14 06:56:14.445827,0.01871,0.07882,0.00794,459.01,NEAR_FLIP
2026-04-14 06:57:39.699425,-0.06829,0.03307,0.01337,655.90,NEAR_FLIP
2026-04-14 06:59:04.641123,-0.06697,0.06295,0.01362,657.05,NEAR_FLIP
2026-04-14 07:00:29.238874,-0.04609,0.04157,0.01642,657.95,NEAR_FLIP
2026-04-14 07:01:53.890151,-0.04349,0.06123,0.01287,666.64,NEAR_FLIP
2026-04-14 07:03:32.690460,0.07427,0.02652,0.01354,255.35,LOW_ALT
2026-04-14 07:04:57.261695,-0.05743,0.06433,0.01395,657.89,NEAR_FLIP
2026-04-14 07:06:21.486637,-0.04170,0.03880,0.01374,655.82,NEAR_FLIP
2026-04-14 07:07:39.358726,-0.07714,0.03736,0.01722,663.92,NEAR_FLIP
2026-04-14 07:08:57.039063,0.02543,0.01943,0.02100,421.05,NEAR_FLIP
2026-04-14 07:10:13.071799,-0.00977,-0.05622,0.00523,663.45,NEAR_FLIP
2026-04-14 07:11:29.233840,-0.09687,0.03200,0.01628,664.08,NEAR_FLIP
2026-04-14 07:12:49.572590,-0.07803,0.03625,0.01631,464.08,NEAR_FLIP
2026-04-14 07:14:15.477447,-0.13165,-0.05843,0.02055,656.25,NEAR_FLIP
2026-04-14 07:15:54.642235,0.07243,0.02779,0.00653,250.90,LOW_ALT
2026-04-14 07:17:16.484012,-0.02830,0.02235,0.01266,653.29,NEAR_FLIP
2026-04-14 07:18:54.686116,-0.03853,-0.02514,0.00904,258.71,LOW_ALT
2026-04-14 07:20:10.500045,0.05661,0.02643,0.01756,461.99,NEAR_FLIP
2026-04-14 07:21:28.178524,-0.07327,0.06219,0.01052,664.08,NEAR_FLIP
2026-04-14 07:22:45.836671,-0.09305,0.05572,0.01268,664.61,NEAR_FLIP
2026-04-14 07:24:01.962265,0.03691,0.07436,0.02240,463.12,NEAR_FLIP
2026-04-14 07:25:15.632575,0.09605,0.00972,0.02018,1463.70,FLIPPED
2026-04-14 07:26:33.225140,0.04316,-0.06298,0.02102,463.32,NEAR_FLIP
2026-04-14 07:27:48.793961,-0.08212,0.02133,0.02459,664.43,NEAR_FLIP
2026-04-14 07:29:02.915188,-0.14990,0.07713,0.00722,1463.52,FLIPPED
2026-04-14 07:30:19.025683,0.02354,0.04443,0.02293,462.89,NEAR_FLIP
2026-04-14 07:31:37.848322,-0.02952,0.00771,0.01870,664.20,NEAR_FLIP
2026-04-14 07:32:53.195468,-0.09164,0.05827,0.01240,664.21,NEAR_FLIP
2026-04-14 07:34:17.073658,-0.06511,0.05245,0.00920,411.37,NEAR_FLIP
2026-04-14 07:35:34.994551,-0.07512,0.02855,0.01306,664.59,NEAR_FLIP
2026-04-14 07:36:50.833571,0.05293,0.02535,0.01139,464.01,NEAR_FLIP
2026-04-14 07:38:14.404029,-0.04196,0.02642,0.01702,410.19,NEAR_FLIP
2026-04-14 07:39:30.297459,-0.06487,0.02185,0.01432,664.17,NEAR_FLIP
2026-04-14 07:41:02.163500,-0.06751,-0.03357,0.00870,407.45,NEAR_FLIP
2026-04-14 07:42:18.008726,-0.06959,0.05368,0.01330,664.14,NEAR_FLIP
2026-04-14 07:43:33.845565,-0.02094,0.04992,0.01507,664.25,NEAR_FLIP
2026-04-14 07:45:11.354327,0.03200,-0.06758,0.00562,552.00,STUCK
2026-04-14 07:46:27.486486,-0.06269,0.06572,0.01238,664.12,NEAR_FLIP
2026-04-14 07:47:45.323800,0.08922,-0.06232,0.00454,452.45,NEAR_FLIP
2026-04-14 07:49:00.883223,-0.10347,0.05278,0.01464,664.06,NEAR_FLIP
2026-04-14 07:50:27.074051,-0.04959,0.02738,0.01446,412.91,NEAR_FLIP
2026-04-14 07:51:44.776153,-0.10482,-0.04499,0.00781,449.78,NEAR_FLIP
2026-04-14 07:53:04.622246,0.00782,-0.04707,0.02322,463.85,NEAR_FLIP
2026-04-14 07:54:22.351413,-0.08315,0.02839,0.01237,664.37,NEAR_FLIP
2026-04-14 07:55:37.932500,0.07770,-0.06539,0.02100,664.50,NEAR_FLIP
2026-04-14 07:56:55.610891,-0.00605,0.01119,0.01639,658.70,NEAR_FLIP
2026-04-14 07:58:33.818361,0.02418,0.07144,0.01342,54.42,FLEW
2026-04-14 07:59:50.620837,-0.07525,0.03525,0.01188,664.53,NEAR_FLIP
2026-04-14 08:01:10.806644,0.00259,-0.00733,0.02151,650.84,NEAR_FLIP
2026-04-14 08:02:26.725044,-0.05698,0.02388,0.01111,664.10,NEAR_FLIP
2026-04-14 08:03:46.573780,-0.04692,0.04934,0.01429,460.67,NEAR_FLIP
2026-04-14 08:05:04.145701,-0.09797,-0.00671,0.00493,664.15,NEAR_FLIP
2026-04-14 08:06:24.281638,-0.07455,-0.05424,0.01247,657.33,NEAR_FLIP
2026-04-14 08:07:38.345867,0.09800,-0.02135,0.00397,1463.05,FLIPPED
2026-04-14 08:08:54.087932,-0.06306,-0.04862,0.01442,664.29,NEAR_FLIP
2026-04-14 08:10:12.309163,-0.03669,-0.02742,0.01176,464.13,NEAR_FLIP
2026-04-14 08:11:29.942563,-0.01894,0.03784,0.01307,650.46,NEAR_FLIP
2026-04-14 08:12:48.077771,-0.08028,0.03969,0.01833,664.00,NEAR_FLIP
2026-04-14 08:14:07.430528,0.00765,-0.02735,0.02169,461.38,NEAR_FLIP
2026-04-14 08:15:25.590373,-0.09230,0.05687,0.01066,449.73,NEAR_FLIP
2026-04-14 08:17:04.044897,-0.04209,0.04802,0.01472,553.23,STUCK
2026-04-14 08:18:24.229420,-0.03004,0.03971,0.01404,661.02,NEAR_FLIP
2026-04-14 08:19:43.908385,-0.04770,0.02507,0.01225,654.31,NEAR_FLIP
2026-04-14 08:21:11.427002,-0.07354,0.05671,0.01102,410.21,NEAR_FLIP
2026-04-14 08:22:27.483805,-0.07753,-0.01606,0.00982,664.33,NEAR_FLIP
2026-04-14 08:23:43.196957,-0.02947,-0.03267,0.01831,663.84,NEAR_FLIP
2026-04-14 08:25:21.370074,-0.03265,0.03484,0.01275,552.99,STUCK
2026-04-14 08:26:37.034760,-0.08217,0.03129,0.01907,664.08,NEAR_FLIP
2026-04-14 08:27:53.216255,-0.02666,-0.03657,0.01212,664.31,NEAR_FLIP
2026-04-14 08:29:09.052325,-0.12078,-0.06319,0.02095,664.07,NEAR_FLIP
2026-04-14 08:30:26.463901,-0.05872,0.00563,0.02412,450.42,NEAR_FLIP
2026-04-14 08:31:45.286985,-0.05018,0.05023,0.01565,664.21,NEAR_FLIP
2026-04-14 08:33:03.422893,-0.01752,-0.01102,0.00960,663.82,NEAR_FLIP
2026-04-14 08:34:23.082687,-0.09935,0.02461,0.02205,411.74,NEAR_FLIP
2026-04-14 08:35:38.899560,-0.12931,-0.03215,0.01858,663.83,NEAR_FLIP
2026-04-14 08:36:58.739918,-0.06594,0.03590,0.01456,457.31,NEAR_FLIP
2026-04-14 08:38:16.880420,-0.00043,0.00362,0.02371,451.67,NEAR_FLIP
2026-04-14 08:39:35.035300,0.03350,-0.02193,0.01726,664.64,NEAR_FLIP
2026-04-14 08:41:12.927784,-0.09421,-0.01843,0.02428,4.73,FLEW
2026-04-14 08:42:30.617599,-0.10229,-0.05600,0.01579,664.12,NEAR_FLIP
2026-04-14 08:43:48.823843,0.03003,0.02489,0.01178,450.02,NEAR_FLIP
2026-04-14 08:45:10.645332,-0.08884,-0.02375,0.02500,412.46,NEAR_FLIP
2026-04-14 08:46:28.333810,-0.09626,-0.01738,0.02493,651.32,NEAR_FLIP
2026-04-14 08:47:52.014597,-0.07722,-0.02327,0.02159,407.18,NEAR_FLIP
2026-04-14 08:49:09.941911,-0.07385,-0.01909,0.02392,664.19,NEAR_FLIP
2026-04-14 08:50:35.771862,-0.09162,-0.06080,0.01262,408.79,NEAR_FLIP
2026-04-14 08:51:51.892655,-0.08929,-0.02401,0.02323,664.37,NEAR_FLIP
2026-04-14 08:53:07.725978,-0.10189,-0.05034,0.02333,664.04,NEAR_FLIP
2026-04-14 08:54:23.872086,-0.04113,-0.06227,0.02490,663.97,NEAR_FLIP
2026-04-14 08:55:39.794312,-0.01146,0.06333,0.00433,664.22,NEAR_FLIP
2026-04-14 08:57:11.633047,-0.03814,0.00427,0.00472,416.04,NEAR_FLIP
2026-04-14 08:58:29.772984,-0.09680,0.07078,0.02057,650.98,NEAR_FLIP
2026-04-14 08:59:51.948365,0.04744,-0.04156,0.01640,653.05,NEAR_FLIP
2026-04-14 09:01:11.393531,-0.06487,0.05441,0.01592,463.76,NEAR_FLIP
2026-04-14 09:02:31.545300,-0.06990,-0.00669,0.02500,459.82,NEAR_FLIP
2026-04-14 09:03:51.244131,0.05844,0.07569,0.01911,418.72,NEAR_FLIP
2026-04-14 09:05:05.381681,0.07996,-0.05797,0.01079,1462.79,FLIPPED
2026-04-14 09:06:23.612393,-0.12136,-0.05853,0.01030,448.88,NEAR_FLIP
2026-04-14 09:07:41.429159,-0.01346,-0.04508,0.00608,664.35,NEAR_FLIP
2026-04-14 09:08:59.401454,0.03131,0.02387,0.02365,463.85,NEAR_FLIP
2026-04-14 09:10:19.227957,-0.02939,-0.05743,0.01157,461.85,NEAR_FLIP
2026-04-14 09:11:34.992425,0.00318,-0.01298,0.02138,463.97,NEAR_FLIP
2026-04-14 09:12:53.128065,-0.10173,-0.01879,0.02392,651.49,NEAR_FLIP
2026-04-14 09:14:11.258081,-0.11029,-0.02747,0.02458,663.97,NEAR_FLIP
2026-04-14 09:15:26.596918,-0.07488,-0.00727,0.02500,663.82,NEAR_FLIP
2026-04-14 09:16:46.753774,0.05948,0.00767,0.01419,458.35,NEAR_FLIP
2026-04-14 09:18:10.889728,0.06133,-0.02027,0.00416,649.14,NEAR_FLIP
2026-04-14 09:19:26.988343,-0.12812,0.07201,0.00313,663.96,NEAR_FLIP
2026-04-14 09:20:44.631023,-0.07848,-0.02672,0.02500,463.62,NEAR_FLIP
2026-04-14 09:22:06.796262,-0.04601,-0.04994,0.02011,416.34,NEAR_FLIP
2026-04-14 09:23:44.977936,-0.07876,-0.02156,0.01979,254.21,LOW_ALT
2026-04-14 09:25:01.110589,-0.11811,-0.00551,0.02245,664.32,NEAR_FLIP
2026-04-14 09:26:14.922315,0.09936,-0.07286,0.02280,664.18,NEAR_FLIP
2026-04-14 09:27:30.588016,-0.08352,-0.03622,0.01395,664.26,NEAR_FLIP
2026-04-14 09:28:52.262044,-0.10870,-0.02858,0.02346,457.63,NEAR_FLIP
2026-04-14 09:30:17.973148,-0.08391,0.01036,0.02500,654.71,NEAR_FLIP
2026-04-14 09:31:33.871597,-0.12195,-0.03931,0.02386,664.17,NEAR_FLIP
2026-04-14 09:33:05.541692,-0.03573,0.01435,0.01439,416.38,NEAR_FLIP
2026-04-14 09:34:19.696922,0.03444,0.06596,0.02255,463.25,NEAR_FLIP
2026-04-14 09:35:37.904962,-0.03960,0.04707,0.01607,664.25,NEAR_FLIP
2026-04-14 09:36:56.000460,0.02237,0.00553,0.02465,450.54,NEAR_FLIP
2026-04-14 09:38:17.831868,-0.11567,-0.04012,0.02224,654.42,NEAR_FLIP
2026-04-14 09:39:43.516245,-0.09766,0.07947,0.01113,411.34,NEAR_FLIP
2026-04-14 09:41:12.888914,-0.10546,-0.00897,0.02113,406.22,NEAR_FLIP
2026-04-14 09:42:30.796118,-0.03088,-0.02044,0.00584,663.57,NEAR_FLIP
2026-04-14 09:43:47.467842,-0.02774,-0.05721,0.00477,664.25,NEAR_FLIP
2026-04-14 09:45:03.575936,0.01807,-0.03210,0.01416,464.32,NEAR_FLIP
2026-04-14 09:46:35.446835,-0.10970,-0.02159,0.02122,410.19,NEAR_FLIP
2026-04-14 09:48:13.295988,-0.07749,-0.04154,0.02463,264.15,LOW_ALT
2026-04-14 09:49:51.507103,-0.10155,-0.02722,0.02500,6.52,FLEW
2026-04-14 09:51:07.162579,-0.05819,0.07091,0.01444,663.92,NEAR_FLIP
2026-04-14 09:52:24.829640,-0.02210,-0.05580,0.00667,664.02,NEAR_FLIP
2026-04-14 09:53:44.995488,-0.08418,-0.02299,0.02500,462.16,NEAR_FLIP
2026-04-14 09:54:59.416128,0.07996,-0.06999,0.02352,1463.12,FLIPPED
2026-04-14 09:56:13.216938,-0.10847,0.03779,0.00350,664.30,NEAR_FLIP
2026-04-14 09:57:52.078032,-0.01945,-0.01970,0.01282,553.09,STUCK
2026-04-14 09:59:08.232262,-0.14395,-0.05771,0.01504,664.18,NEAR_FLIP
2026-04-14 10:00:27.067849,-0.08574,-0.01731,0.02258,450.63,NEAR_FLIP
2026-04-14 10:01:42.886361,-0.09135,-0.01567,0.02500,663.96,NEAR_FLIP
2026-04-14 10:03:20.756042,-0.03678,-0.01007,0.00676,552.49,STUCK
2026-04-14 10:04:36.394241,-0.03444,0.06878,0.01531,664.38,NEAR_FLIP
2026-04-14 10:05:56.127490,-0.01616,-0.06333,0.01021,459.72,NEAR_FLIP
2026-04-14 10:07:11.953641,-0.12900,0.00448,0.02215,664.42,NEAR_FLIP
2026-04-14 10:08:44.149121,0.03701,-0.07797,0.01995,654.15,NEAR_FLIP
2026-04-14 10:10:02.316074,-0.08799,-0.01559,0.02500,664.25,NEAR_FLIP
2026-04-14 10:11:30.186670,-0.05054,0.01264,0.01799,456.28,NEAR_FLIP
2026-04-14 10:13:08.045009,-0.08764,-0.02291,0.02500,264.38,LOW_ALT
2026-04-14 10:14:25.385608,-0.07701,0.01830,0.02363,463.32,NEAR_FLIP
2026-04-14 10:15:43.542236,-0.08176,-0.00279,0.02190,664.39,NEAR_FLIP
2026-04-14 10:17:09.387796,-0.09532,-0.02887,0.02500,454.33,NEAR_FLIP
2026-04-14 10:18:25.226419,-0.08546,-0.03805,0.02500,664.29,NEAR_FLIP
2026-04-14 10:19:49.396983,-0.09684,-0.07690,0.01225,458.05,NEAR_FLIP
2026-04-14 10:21:11.608290,-0.06669,-0.03733,0.02394,420.60,NEAR_FLIP
2026-04-14 10:22:33.308759,-0.07700,-0.06996,0.01353,419.40,NEAR_FLIP
2026-04-14 10:23:53.459096,-0.07308,-0.01197,0.02200,417.28,NEAR_FLIP
2026-04-14 10:25:31.618977,-0.10579,-0.01186,0.02253,263.88,LOW_ALT
2026-04-14 10:26:47.754940,-0.12681,-0.02575,0.01731,664.17,NEAR_FLIP
2026-04-14 10:28:07.929764,-0.11134,-0.06972,0.01022,660.16,NEAR_FLIP
2026-04-14 10:29:23.478459,-0.00796,0.03996,0.02202,462.96,NEAR_FLIP
2026-04-14 10:30:53.737292,-0.12261,-0.07181,0.01672,650.18,NEAR_FLIP
2026-04-14 10:32:13.876113,-0.04900,0.01339,0.02138,663.80,NEAR_FLIP
2026-04-14 10:33:30.017279,-0.09901,-0.03561,0.02500,664.19,NEAR_FLIP
2026-04-14 10:35:07.470082,-0.14781,-0.00902,0.00581,252.09,LOW_ALT
2026-04-14 10:36:25.607301,-0.06845,0.03239,0.02001,664.13,NEAR_FLIP
2026-04-14 10:37:41.737318,-0.10711,0.02997,0.01848,664.18,NEAR_FLIP
2026-04-14 10:38:55.315388,-0.13741,-0.04150,0.01339,663.78,NEAR_FLIP
2026-04-14 10:40:13.143776,-0.07814,-0.02223,0.02500,449.62,NEAR_FLIP
2026-04-14 10:41:28.804062,-0.07519,-0.04170,0.01836,664.54,NEAR_FLIP
2026-04-14 10:42:45.020097,0.02576,0.05391,0.00336,464.03,NEAR_FLIP
2026-04-14 10:44:06.767337,-0.07762,0.06306,0.01152,654.16,NEAR_FLIP
2026-04-14 10:45:30.958265,-0.07881,-0.02450,0.01906,411.41,NEAR_FLIP
2026-04-14 10:47:08.868623,-0.03672,-0.01086,0.00938,552.66,STUCK
2026-04-14 10:48:24.778212,-0.12492,-0.02496,0.02469,664.14,NEAR_FLIP
2026-04-14 10:50:03.484698,0.01191,0.05657,0.01788,459.66,NEAR_FLIP
2026-04-14 10:51:20.293546,-0.08934,-0.02520,0.01105,664.35,NEAR_FLIP
2026-04-14 10:52:34.413803,0.07479,0.06512,0.02226,463.76,NEAR_FLIP
2026-04-14 10:53:50.268194,-0.11731,0.03304,0.00316,664.00,NEAR_FLIP
2026-04-14 10:55:08.089314,-0.08926,-0.01716,0.02426,450.37,NEAR_FLIP
2026-04-14 10:56:23.524162,0.09775,0.00609,0.00674,463.81,NEAR_FLIP
2026-04-14 10:57:39.207736,-0.11271,-0.03242,0.02409,664.14,NEAR_FLIP
2026-04-14 10:59:17.065185,-0.05372,-0.01265,0.02259,15.61,FLEW
2026-04-14 11:00:42.744816,-0.10535,-0.03739,0.02401,408.98,NEAR_FLIP
2026-04-14 11:02:16.453954,-0.09704,-0.01085,0.02500,405.84,NEAR_FLIP
2026-04-14 11:03:34.136010,0.03905,-0.00772,0.01561,449.09,NEAR_FLIP
2026-04-14 11:04:49.779170,-0.08716,-0.05398,0.02400,663.80,NEAR_FLIP
2026-04-14 11:06:07.909193,-0.08010,-0.02233,0.02409,664.33,NEAR_FLIP
2026-04-14 11:07:34.069782,-0.11961,-0.01908,0.02429,652.38,NEAR_FLIP
2026-04-14 11:08:52.050512,-0.04262,0.05367,0.01573,651.07,NEAR_FLIP
2026-04-14 11:10:15.780154,-0.09201,-0.04971,0.02371,411.74,NEAR_FLIP
2026-04-14 11:11:31.930849,-0.07128,0.02435,0.01506,664.48,NEAR_FLIP
2026-04-14 11:13:09.814440,0.03223,0.04031,0.02343,551.18,STUCK
2026-04-14 11:14:25.729054,-0.10900,0.02638,0.00577,664.32,NEAR_FLIP
2026-04-14 11:15:43.888346,-0.04994,-0.03276,0.02365,664.17,NEAR_FLIP
2026-04-14 11:17:03.728373,-0.06187,0.01836,0.01127,660.46,NEAR_FLIP
2026-04-14 11:18:25.563955,-0.05057,-0.01673,0.02272,419.51,NEAR_FLIP
2026-04-14 11:19:45.783196,-0.00786,0.01263,0.00344,460.52,NEAR_FLIP
2026-04-14 11:21:11.701987,-0.14565,0.00113,0.02082,405.31,NEAR_FLIP
2026-04-14 11:22:27.830815,-0.10320,-0.04659,0.01958,664.20,NEAR_FLIP
2026-04-14 11:23:51.623913,-0.04747,-0.03171,0.01260,408.23,NEAR_FLIP
2026-04-14 11:25:09.458721,0.00373,0.06414,0.00940,664.48,NEAR_FLIP
2026-04-14 11:26:27.615962,-0.07254,-0.04867,0.02500,664.30,NEAR_FLIP
2026-04-14 11:28:05.004793,-0.12599,-0.06924,0.00774,564.36,STUCK
2026-04-14 11:29:21.842674,-0.12705,-0.00471,0.02277,663.63,NEAR_FLIP
2026-04-14 11:30:39.764016,-0.08655,0.05617,0.00783,450.67,NEAR_FLIP
2026-04-14 11:31:55.582765,0.07652,0.06899,0.00729,463.50,NEAR_FLIP
2026-04-14 11:33:33.179075,-0.06090,0.07874,0.02285,263.90,LOW_ALT
2026-04-14 11:34:49.317737,-0.01218,0.06409,0.00839,664.12,NEAR_FLIP
2026-04-14 11:36:05.498834,-0.13900,0.05495,0.00364,662.23,NEAR_FLIP
2026-04-14 11:37:21.655095,-0.10185,0.01114,0.00928,663.97,NEAR_FLIP
2026-04-14 11:38:39.776823,-0.09409,-0.03475,0.02182,650.89,NEAR_FLIP
2026-04-14 11:40:13.630723,-0.04692,-0.02980,0.02500,407.95,NEAR_FLIP
2026-04-14 11:41:29.302911,-0.13350,0.06214,0.02262,663.78,NEAR_FLIP
2026-04-14 11:42:42.987832,-0.13769,-0.04025,0.01265,664.16,NEAR_FLIP
2026-04-14 11:43:58.547330,0.07819,-0.05021,0.00958,463.76,NEAR_FLIP
2026-04-14 11:45:14.665915,0.08493,-0.06534,0.00467,663.92,NEAR_FLIP
2026-04-14 11:46:32.344644,-0.12241,-0.02922,0.00830,664.38,NEAR_FLIP
2026-04-14 11:48:10.506217,-0.13004,-0.03808,0.01339,263.89,LOW_ALT
2026-04-14 11:49:48.209636,0.01611,0.05750,0.00763,249.86,LOW_ALT
2026-04-14 11:51:17.831312,0.01732,0.02123,0.01305,456.04,NEAR_FLIP
2026-04-14 11:52:56.019817,0.08351,0.04073,0.01370,251.25,LOW_ALT
2026-04-14 11:54:12.147752,0.07822,-0.00842,0.00789,664.05,NEAR_FLIP
2026-04-14 11:55:29.963547,-0.10065,-0.05715,0.02500,463.61,NEAR_FLIP
2026-04-14 11:57:07.914221,-0.09836,0.04498,0.02106,264.55,LOW_ALT
2026-04-14 11:58:24.114829,0.03039,-0.07391,0.01927,464.30,NEAR_FLIP
2026-04-14 11:59:42.279621,-0.07364,-0.02406,0.02500,463.21,NEAR_FLIP
2026-04-14 12:01:01.994131,0.00503,-0.02757,0.00568,462.63,NEAR_FLIP
2026-04-14 12:02:17.327385,-0.07302,-0.03213,0.02302,664.03,NEAR_FLIP
2026-04-14 12:03:37.157939,-0.06040,0.04557,0.01189,460.53,NEAR_FLIP
2026-04-14 12:04:55.361449,-0.02742,-0.02475,0.02223,464.32,NEAR_FLIP
2026-04-14 12:06:11.088327,-0.08083,-0.02542,0.02417,664.05,NEAR_FLIP
2026-04-14 12:07:25.259113,-0.14546,-0.06798,0.01843,663.79,NEAR_FLIP
2026-04-14 12:08:40.902795,-0.11335,0.00491,0.02500,663.88,NEAR_FLIP
2026-04-14 12:09:57.015002,-0.11359,-0.00597,0.02500,663.94,NEAR_FLIP
2026-04-14 12:11:11.148173,0.08104,-0.04481,0.02216,663.58,NEAR_FLIP
2026-04-14 12:12:29.284508,-0.10961,0.01110,0.02495,662.62,NEAR_FLIP
2026-04-14 12:14:07.473985,-0.08152,-0.00011,0.02336,6.61,FLEW
2026-04-14 12:15:23.182772,-0.09056,-0.04569,0.02216,664.13,NEAR_FLIP
2026-04-14 12:16:39.359274,-0.11993,0.04799,0.01254,663.99,NEAR_FLIP
2026-04-14 12:17:54.935696,-0.09853,-0.02523,0.02500,664.03,NEAR_FLIP
2026-04-14 12:19:22.124806,-0.10114,-0.03998,0.02014,408.23,NEAR_FLIP
2026-04-14 12:20:38.331629,-0.10777,-0.02802,0.02440,664.38,NEAR_FLIP
2026-04-14 12:21:58.829260,-0.07932,-0.06214,0.00563,460.84,NEAR_FLIP
2026-04-14 12:23:20.969419,-0.15000,-0.01656,0.02474,658.51,NEAR_FLIP
2026-04-14 12:24:59.158217,-0.05870,-0.01155,0.01291,260.27,LOW_ALT
2026-04-14 12:26:17.296977,-0.05805,0.00776,0.02086,651.46,NEAR_FLIP
2026-04-14 12:27:33.428991,-0.12570,-0.01214,0.02288,664.09,NEAR_FLIP
2026-04-14 12:28:49.261614,0.07951,0.00430,0.00979,463.20,NEAR_FLIP
2026-04-14 12:30:06.940499,-0.08317,-0.02903,0.02500,651.70,NEAR_FLIP
2026-04-14 12:31:24.269365,-0.02281,-0.06774,0.00803,664.10,NEAR_FLIP
2026-04-14 12:33:02.130472,-0.13257,0.01558,0.00992,264.42,LOW_ALT
2026-04-14 12:34:20.257157,0.05183,0.03927,0.00765,651.02,NEAR_FLIP
2026-04-14 12:35:38.107901,-0.08078,-0.01602,0.02500,663.72,NEAR_FLIP
2026-04-14 12:37:15.893922,-0.11530,-0.00506,0.02468,263.71,LOW_ALT
2026-04-14 12:38:32.724409,0.09379,0.05790,0.00861,663.26,NEAR_FLIP
2026-04-14 12:39:50.811214,-0.00125,-0.05476,0.02394,461.88,NEAR_FLIP
2026-04-14 12:41:08.949775,-0.06647,-0.01814,0.02282,664.09,NEAR_FLIP
2026-04-14 12:42:24.751434,-0.08534,-0.01884,0.00724,664.51,NEAR_FLIP
2026-04-14 12:43:46.637665,-0.03952,-0.01613,0.02238,420.73,NEAR_FLIP
2026-04-14 12:45:04.223819,-0.12314,0.07845,0.00306,651.13,NEAR_FLIP
2026-04-14 12:46:20.385566,-0.10293,-0.00997,0.02404,664.31,NEAR_FLIP
2026-04-14 12:47:36.489170,-0.10084,-0.02168,0.02077,664.14,NEAR_FLIP
2026-04-14 12:49:08.199140,-0.12661,-0.04130,0.02240,404.96,NEAR_FLIP
2026-04-14 12:50:30.044049,-0.09191,-0.06759,0.00806,410.75,NEAR_FLIP
2026-04-14 12:51:47.695298,-0.07012,-0.01796,0.01786,664.16,NEAR_FLIP
2026-04-14 12:53:08.539736,-0.14251,0.05456,0.01881,461.50,NEAR_FLIP
2026-04-14 12:54:46.383079,-0.14522,0.05083,0.00402,253.69,LOW_ALT
2026-04-14 12:56:23.073944,0.02404,-0.04310,0.02477,453.24,NEAR_FLIP
2026-04-14 12:57:39.200739,-0.07528,0.06473,0.01251,664.25,NEAR_FLIP
2026-04-14 12:59:03.467819,-0.12925,0.00967,0.02359,409.30,NEAR_FLIP
2026-04-14 13:00:40.847995,-0.05208,-0.02622,0.02240,263.92,LOW_ALT
2026-04-14 13:02:00.532608,0.00888,-0.01920,0.01428,420.90,NEAR_FLIP
2026-04-14 13:03:16.210009,-0.04310,-0.03748,0.00648,663.97,NEAR_FLIP
2026-04-14 13:04:29.865320,-0.14118,0.00035,0.02406,664.13,NEAR_FLIP
2026-04-14 13:05:47.983334,-0.10667,-0.02986,0.00777,663.85,NEAR_FLIP
2026-04-14 13:07:05.826454,-0.10440,-0.02001,0.02433,663.99,NEAR_FLIP
2026-04-14 13:08:43.428204,-0.08229,-0.03200,0.02416,264.01,LOW_ALT
2026-04-14 13:10:05.651625,-0.00905,0.02839,0.02174,415.35,NEAR_FLIP
2026-04-14 13:11:23.492105,-0.08620,-0.05452,0.01491,664.09,NEAR_FLIP
2026-04-14 13:12:40.887226,-0.05820,-0.04033,0.02172,664.18,NEAR_FLIP
2026-04-14 13:14:08.741745,-0.09883,-0.01343,0.02500,411.00,NEAR_FLIP
2026-04-14 13:15:46.600556,-0.05939,0.02722,0.02043,65.15,FLEW
2026-04-14 13:17:06.743988,-0.03308,-0.04145,0.02500,462.54,NEAR_FLIP
2026-04-14 13:18:24.564155,-0.09838,0.01615,0.01969,664.26,NEAR_FLIP
2026-04-14 13:19:40.721786,-0.02204,-0.04328,0.02230,664.65,NEAR_FLIP
2026-04-14 13:21:12.875102,0.01424,0.05066,0.01672,456.04,NEAR_FLIP
2026-04-14 13:22:42.788008,-0.02341,-0.04263,0.02478,408.79,NEAR_FLIP
2026-04-14 13:24:00.918974,-0.05162,0.04670,0.02190,450.63,NEAR_FLIP
2026-04-14 13:25:21.135081,-0.05946,0.05435,0.01703,465.18,NEAR_FLIP
2026-04-14 13:26:40.992203,-0.09291,-0.03042,0.02500,463.86,NEAR_FLIP
2026-04-14 13:28:03.395050,0.04243,-0.05005,0.02234,655.72,NEAR_FLIP
2026-04-14 13:29:41.638206,-0.11337,0.00161,0.02500,6.40,FLEW
